name,price,description
Ortlieb Soulo 25L Dagrugzak,"€184,95",
Nomad Mahon Pro 18 Rugzak,"€99,95",
Lowe Alpine Airzone Active 18,"€89,95",
Osprey Stratos 24 Rugzak,"€159,95",
Lowe Alpine Airzone Active 22,"€99,95",
Osprey Hikelite 26 Rugzak,"€119,95",
deuter Futura 30 SL Rugzak Dames,"€164,95",
deuter Futura 21 SL Rugzak Dames,"€134,95",
deuter Futura 32 Rugzak,"€164,95",
deuter Ac Lite 24 Rugzak,"€109,95",
Osprey Arcane Roll Top Rugzak,"€99,95",
Osprey Tempest 34 Rugzak Dames,"€169,95",
Osprey Sirrus 36 Rugzak Dames,"€199,95",
Osprey Sirrus 24 Rugzak Dames,"€159,95",
Vaude Women'S Tacora 22,"€124,95",
Fjällräven Abisko Hike 35 S/M - M/L Rugzak,"€234,95",
Mammut Lithium 25 Rugzak,"€129,95",
Lowe Alpine Edge 18L Rugzak Dames,"€54,95",
Lowe Alpine Edge 18L Rugzak Dames,"€59,95",
Jack Wolfskin Velocity 12 Rugzak,"€79,95",
Jack Wolfskin Velocity 12 Rugzak,"€79,95",
Osprey Nebula Rugzak,"€119,95",
Doughnut Christopher Happy Camper Series Dagrugzak,"€99,95",
Lowe Alpine Edge 26 Rugzak,"€79,95",
Nomad Camino 18 Rugzak,"€74,95",
Mammut Lithium 25 Woman,"€129,95",
Vaude Wizard 24+4 rugzak,"€139,95",
Gregory Miko 20 Plus Size Dagrugzak,"€134,95",
Jack Wolfskin Ancona,"€59,95",
COTOPAXI Cusco 26L Backpack Dagrugzak,"€134,95",
Osprey Tempest 20 Rugzak Dames,"€139,95",
Osprey Quasar,"€99,95",
The North Face Verto 27 Rugzak,"€89,95",
Gregory Maya 20 Plus Size Dagrugzak Dames,"€134,95",
Vaude Brenta 30 Rugzak,"€144,95",
Jack Wolfskin Perfect Day 22L Dagrugzak,"€79,95",
deuter AC Lite 22 SL Rugzak Dames,"€104,95",
Mammut Lithium 15 Women,"€109,95",
Osprey Talon 22L Rugzak,"€139,95",
deuter Futura 32 Rugzak,"€164,95",
deuter Futura 23 Rugzak,"€134,95",
Doughnut Hypatia Street Cruise Series,"€84,95",
Osprey Parsec,"€129,95",
Jack Wolfskin Little Joe,"€49,95",
Mammut Lithium 40 Rugzak Dames,"€189,95",
Vaude Wizard 24+4 rugzak,"€139,95",
Mammut Aenergy 12 Dagrugzak,"€84,95",
deuter Futura 25 Sl,"€144,95",
Doughnut Colorado Happy Camper Series Dagrugzak,"€99,95",
Fjällräven Lappland Hike 15 Rugzak,"€219,95",
Mammut Lithium 15 Rugzak,"€109,95",
Mammut Aenergy 12 Dagrugzak,"€84,95",
Vaude Wizard 18+4 rugzak,"€119,95",
Mammut Lithium 15 Rugzak,"€109,95",
Mammut Aenergy 12 Dagrugzak,"€84,95",
deuter Ac Lite 24 Rugzak,"€99,95",
Jack Wolfskin Little Joe,"€49,95",
Fjällräven Lappland Hike 15 Rugzak,"€219,95",
Vaude Brenta 24 rugzak,"€134,95",
Mammut Neon Speed 15 Rugzak,"€99,95",
Rab Aeon LT 25 Rugzak,"€114,95",
Fjällräven Kaipak 28L Rugzak,"€159,95",
Ortlieb Atrack ST 34L Rugzak Dames,"€219,95",
Fjällräven Abisko Hike 35 S/M - M/L Rugzak,"€234,95",
Jack Wolfskin Athmos Shape 20,"€129,95",
Fjällräven Ulvö Rolltop 30 Dagrugzak,"€179,95",
Mammut Lithium 15 Women,"€109,95",
Osprey Escapist 25 Dagrugzak,"€149,95",
Nomad Montagon Premium 25 Rugzak,"€99,95",
Exped Cloudburst 25 Rugzak,"€62,95",
Exped Serac 35 S Rugzak,"€219,95",
Osprey Daylite Plus Dagrugzak,"€69,95",
Nomad Mahon Pro 25 Rugzak,"€99,95",
Lowe Alpine Airzone Trail ND32 Rugzak Dames,"€129,95",
Lowe Alpine Airzone Active 18,"€84,95",
deuter Futura 25 Sl,"€144,95",
Mammut Lithium 15 Rugzak,"€109,95",
Ortlieb Attrack 25 ST,"€179,95",
Ortlieb Attrack 25 ST,"€189,95",
Jack Wolfskin Athmos Shape 20,"€109,95",
Fjällräven Keb Hike 30L Rugzak,"€239,95",
Gregory Nano 24,"€79,95",
Osprey Hikelite 18L Rugzak Dames,"€89,95",
Lowe Alpine AirZone Active 26 Rugzak,"€89,95",
Osprey Talon 11 Rugzak,"€119,95",
Lowe Alpine Airzone Active 18,"€84,95",
Fjällräven Abisko Hike 35 S/M - M/L Rugzak,"€234,95",
deuter Futura 32 Rugzak,"€164,95",
Vaude Women'S Tacora 26+3,"€139,95",
Vaude Women'S Tacora 26+3,"€139,95",
deuter Futura 23 Rugzak,"€124,95",
Lowe Alpine AirZone Spirit 25L Dagrugzak,"€99,95",
Lowe Alpine AirZone Active 26 Rugzak,"€89,95",
deuter Futura 30 SL Rugzak Dames,"€164,95",
Vaude Women'S Tacora 22,"€124,95",
deuter Ac Lite 24 Rugzak,"€99,95",
Lowe Alpine Edge 26 Rugzak,"€69,95",
Mammut Lithium 25 Rugzak,"€129,95",
deuter AC Lite 22 SL Rugzak Dames,"€99,95",
deuter AC Lite 22 SL Rugzak Dames,"€99,95",
Vaude Wizard 18+4 rugzak,"€119,95",
Lowe Alpine Airzone Active 22,"€89,95",
Lowe Alpine Airzone Active 18,"€84,95",
Vaude Wizard 18+4 rugzak,"€119,95",
Mammut Ducan Spine 28-35 Rugzak,"€219,95",
deuter Futura 25 Sl,"€134,95",
Vaude Women'S Tacora 22,"€109,95",
Osprey Metron 24 Dagrugzak,"€159,95",
Vaude Wizard 30+4 rugzak,"€149,95",
Lowe Alpine Phase 32 Dagrugzak,"€100,00",
Vaude Jura 18 rugzak,"€99,95",
deuter Futura 30 SL Rugzak Dames,"€164,95",
deuter AC Lite 22 SL Rugzak Dames,"€99,95",
Vaude Wizard 18+4 rugzak,"€119,95",
Vaude Brenta 30 Rugzak,"€144,95",
Vaude Wizard 24+4 rugzak,"€139,95",
Fjällräven Singi Stubben Rugtas,"€279,95",
Exped Typhoon 25 Rugzak,"€89,95",
Lowe Alpine Pioneer 26 Rugzak,"€89,95",
Jack Wolfskin Athmos Shape 20,"€109,95",
Vaude Wizard 24+4 rugzak,"€139,95",
Mammut Lithium 25 Woman,"€129,95",
Jack Wolfskin Wolftrail 28 Recco,"€139,95",
Fjällräven Kaipak 28L Rugzak,"€159,95",
Mammut Lithium 30 Rugzak,"€139,95",
Fjällräven Abisko Hike Foldsack Rugzak.,"€164,95",
Vaude Brenta 24 rugzak,"€134,95",
Osprey Arcane Roll Top Wp 25L Daypack Dagrugzak,"€219,95",
Lowe Alpine Phase 28 Rugzak,"€70,00",
deuter Ac Lite 24 Rugzak,"€99,95",
Jack Wolfskin Ancona,"€59,95",
Vaude Brenta 30 Rugzak,"€144,95",
Fjällräven Ulvö Rolltop 30 Dagrugzak,"€179,95",
Osprey Stratos 34 Rugzak,"€179,95",
Vaude Brenta 30 Rugzak,"€144,95",
Mammut Lithium 20 Rugzak,"€119,95",
Exped Summit Hike 15 Rugzak,"€89,95",
Mammut Lithium 15 Rugzak,"€109,95",
Mammut Lithium 20 Women,"€119,95",
Fjällräven Abisko Hike Foldsack Rugzak.,"€164,95",
Patagonia Ascensionist Rugzak 35L,"€189,95",
Vaude Wizard 24+4 rugzak,"€139,95",
Lowe Alpine AirZone Trek 28 Rugzak,"€149,95",
Patagonia Ascensionist Rugzak 35L,"€189,95",
Mammut Lithium 15 Women,"€109,95",
Vaude Wizard 30+4 rugzak,"€149,95",
Mammut Lithium 20 Women,"€119,95",
Mammut Lithium 20 Women,"€119,95",
Mammut Lithium 25 Woman,"€129,95",
Lowe Alpine  Klettersack 30 Rugzak,"€99,95",
Lowe Alpine Phase 28 Rugzak,"€70,00",
Mammut Lithium 30 Rugzak,"€139,95",
Exped Verglas 30 Rugzak,"€199,95",
Exped Typhoon 15 Rugzak,"€79,95",
Fjällräven Abisko Hike 35 S/M - M/L Rugzak,"€234,95",
Jack Wolfskin Wolftrail 22 Recco,"€119,95",
Vaude Women'S Tacora 22,"€109,95",
Osprey Stratos 24 Rugzak,"€159,95",
Osprey Transporter Roll Top,"€129,95",
Jack Wolfskin Athmos Shape 16 Rugzak,"€109,95",
deuter Futura 23 Rugzak,"€124,95",
Lowe Alpine Phase 30 Rugzak,"€90,00",
Jack Wolfskin Athmos Shape 20,"€109,95",
Mammut Ducan 30 Rugzak,"€149,95",
Mammut Ducan 24 Rugzak,"€139,95",
Lowe Alpine Phase 30 Rugzak,"€90,00",
Mammut Lithium 30 Women,"€139,95",
Vaude Wizard 30+4 rugzak,"€149,95",
Jack Wolfskin Track Jack Dagrugzak Kids,"€59,95",
Exped Summit Hike 15 Rugzak,"€89,95",
Lowe Alpine  Klettersack 30 Rugzak,"€99,95",
Exped Impulse 20 Rugzak,"€139,95",
Jack Wolfskin Athmos Shape 20,"€129,95",
Mammut Lithium 20 Rugzak,"€119,95",
Exped Summit Hike 25 Rugzak,"€99,95",
Mammut Lithium 20 Rugzak,"€119,95",
Vaude Wizard 30+4 rugzak,"€149,95",
Osprey Talon 11 Rugzak,"€124,95",
Vaude Wizard 24+4 rugzak,"€139,95",
Rab Aeon LT 25 Rugzak,"€95,00",
Mammut Lithium 15 Rugzak,"€109,95",
Vaude Wizard 18+4 rugzak,"€119,95",
Exped Impulse 20 Rugzak,"€139,95",
Vaude Brenta 24 rugzak,"€134,95",
Exped Typhoon 25 Rugzak,"€89,95",
Mammut Ducan 24 Women,"€139,95",
Mammut Ducan Spine 28-35 Women,"€199,95",
Exped Impulse 15  Rugzak,"€119,95",
Fjällräven Abisko Hike Foldsack Rugzak.,"€164,95",
Jack Wolfskin Ancona,"€59,95",
Osprey Tempest 16 Dagrugzak Dames,"€134,95",
Mammut Lithium 30 Rugzak,"€139,95",
Lowe Alpine Airzone Trek ND26 Rugzak Dames,"€149,95",
Lowe Alpine AirZone Trek 28 Rugzak,"€149,95",
Mammut Ducan 24 Women,"€139,95",
Mammut Ducan 24 Rugzak,"€139,95",
Jack Wolfskin Track Jack Dagrugzak Kids,"€59,95",
Osprey Talon 22L Rugzak,"€139,95",
Mammut Ducan 24 Rugzak,"€139,95",
Jack Wolfskin Track Jack Dagrugzak Kids,"€59,95",
Osprey Talon 22L Rugzak,"€139,95",
Jack Wolfskin Little Joe,"€49,95",
Jack Wolfskin Wolftrail 28 Recco,"€139,95",
Exped Summit Hike 15 Rugzak,"€89,95",
Exped Serac 25 Rugzak,"€209,95",
Mammut Lithium 30 Women,"€139,95",
Lowe Alpine Airzone Trek ND26 Rugzak Dames,"€149,95",
Jack Wolfskin Athmos Shape 20,"€129,95",
Vaude Wizard 18+4 rugzak,"€119,95",
Mammut Ducan Spine 28-35 Women,"€219,95",
Osprey Parsec,"€129,95",
Exped Verglas 30 Rugzak,"€199,95",
Exped Summit Hike 25 Rugzak,"€99,95",
Exped Serac 35 S Rugzak,"€219,95",
Exped Serac 25 Rugzak,"€209,95",
Vaude Wizard 30+4 rugzak,"€149,95",
Exped Impulse 30 Rugzak,"€159,95",
Vaude Brenta 24 rugzak,"€134,95",
Jack Wolfskin Buttercup Dagrugzak Kids,"€39,95",
Osprey Talon 22L Rugzak,"€139,95",
Osprey Talon 22L Rugzak,"€139,95",
Jack Wolfskin Little Joe,"€49,95",
Jack Wolfskin Ancona,"€59,95",
Exped Verglas 30 Rugzak,"€199,95",
Exped Summit Hike 25 Rugzak,"€99,95",
Fjällräven Singi Stubben Rugtas,"€279,95",
Exped Impulse 30 Rugzak,"€159,95",
Exped Impulse 20 Rugzak,"€139,95",
Exped Impulse 15  Rugzak,"€119,95",
Mammut Ducan 30 Rugzak,"€159,95",
Mammut Ducan 30 Rugzak,"€159,95",
Mammut Neon Speed 15 Rugzak,"€99,95",
Jack Wolfskin Athmos Shape 16 Rugzak,"€109,95",
Nomad Montagon Premium 25 Rugzak,"€99,95",
Jack Wolfskin Little Joe,"€49,95",
Osprey Stratos 34 Rugzak,"€179,95",
Osprey Transporter Roll Top,"€129,95",
Exped Impulse 30 Rugzak,"€159,95",
Exped Impulse 15  Rugzak,"€119,95",
Mammut Ducan Spine 28-35 Women,"€219,95",
Osprey Talon 11 Rugzak,"€124,95",
Exped Typhoon 25 Rugzak,"€89,95",
Jack Wolfskin Buttercup Dagrugzak Kids,"€39,95",
Jack Wolfskin Athmos Shape 16 Rugzak,"€109,95",
Rab Tensor 20,"€70,00",
Rab Tensor 20,"€70,00",
Osprey Nebula Rugzak,"€119,95",
Lowe Alpine Airzone Active 18,"€89,95",
Rab Aeon Lt Hydro Heuptasje,"€49,95",
