name,price,url
Trekkingrugzak voor heren 50+10 liter MT500 Air,"€114,99",
Wandelrugzak 16 l NH Escape 150 Square,"€114,99",
Wandelrugzak 10 l NH Arpenaz 100,"€114,99",
Waterdichte tas voor grofwild 100 liter,"€114,99",
Wandelrugzak NH Escape 500 23 l,"€114,99",
Herenrugzak voor backpacken 50 +6l Travel 900 kofferopening,"€114,99",
Rugzak Alpinisme 22 zwart,"€114,99",
Wandelrugzak 10 l NH Escape 150 Square,"€114,99",
Reistas voor trekking 50 l duffeltas 100 basic,"€114,99",
Wandelrugzak 23 l NH Escape 500 rolltop,"€114,99",
Trekkingrugzak - Backpack Alpinisme 33 liter Alpinism 33 zwart,"€114,99",
Backpack - Trekkingrugzak voor dames MT900 SYMBIUM 50+10L,"€114,99",
Wandelrugzak 20 liter NH Arpenaz 500,"€114,99",
Trekkingrugzak voor heren MT900 UL 50+10 liter,"€114,99",
Rugzak 20 l 100 zwart,"€114,99",
Rugzak voor de jacht 50 l groen,"€114,99",
"Heuptas met drinkzak voor AM MTB 4 l / 1,5 l water","€114,99",
Skate heuptas WB500 met geïntegreerd skate tool zwart,"€114,99",
Wandelrugzak 32 l NH Escape 500 rolltop,"€114,99",
Wandelrugzak met cameravak 30 l NH Explorer 900 Focus,"€114,99",
Sporttas heuptas riem - Hardloop heupband met LED verlichting - running belt,"€114,99",
Kinderdrager Kid Comfort Active,"€114,99",
Geruisloze jachtrugzak 20 l Xtralight Furtiv camouflage,"€114,99",
Waterdicht etui voor de jacht X-Access oranje,"€114,99",
Buzz rugzak PUMA,"€114,99",
CAMERA RUGZAK 20L - 100,"€114,99",
Trekkingrugzak - Backpack voor alpinisme van 70 liter Makalu 45/70 rood,"€114,99",
Goron Ultra Dunne Heuptas Wandelen/Outdoor/Trekking Unisex,"€114,99",
"MTB drinkgordel Feel 2 liter/0,25 liter water beige","€114,99",
DUFFELTAS 40 L CAMOUFLAGE,"€114,99",
Geruisloze heuptas voor de jacht met schouderriemen 10 l Camouflage Furtiv,"€114,99",
Trekkingrugzak voor dames 45+10 liter MT900 UL,"€114,99",
Jachtrugzak X-Access 45 liter compact camouflage Treemetic,"€64,99",
Schoudertas Nova zwart,"€64,99",
Rugzak voor canyoning 35 l,"€64,99",
Duffeltas voor de jacht 80 l gewaxt katoen bruin,"€64,99",
Banaan Hummel Bum,"€64,99",
Brighton Crossbody Bag - Black,"€64,99",
Rugzak voor alpinisme van 22 liter Sprint 22 grijs,"€64,99",
Banaan Eastpak Doggy Bag,"€64,99",
Core Up heuptas voor dames PUMA,"€64,99",
Tas Eastpak Buddy,"€64,99",
Heuptasje - Zwart,"€64,99",
Heuptas Springer Grijs - EK074-77H,"€64,99",
Banaan Eastpak Springer,"€64,99",
Schoudertas Eastpak Rusher,"€64,99",
Bananentas Hummel Hmldisco,"€64,99",
Schoudertas Eastpak Buddy,"€64,99",
Fanny pack Hummel Key,"€64,99",
Fanny pack voor documenten Jack Wolfskin belt rfid,"€64,99",
Schoudertas Eastpak The One,"€64,99",
Banaan Puma Evo Essentiel Waist,"€64,99",
Bananen zak BMW Motorsport,"€64,99",
Basketball heuptas PUMA,"€64,99",
Geluidloze en aanpasbare rugzak voor de jacht 45/90 l Big Game groen,"€64,99",
Fanny pack Puma MAPF1,"€64,99",
Heuptasje Nova zwart,"€64,99",
Dubbele bananenzak Eastpak,"€64,99",
Banaan Hummel Urban,"€64,99",
Schoudertas Eastpak Rusher,"€64,99",
Schoudertas Eastpak Buddy,"€64,99",
Schoudertas Eastpak Buddy,"€64,99",
Tas Eastpak Bane,"€64,99",
Schoudertas Eastpak Buddy,"€64,99",
Deck heuptas PUMA,"€23,00",
Regatta BlackfellIIIBottl Rugzak Unisex Zwart,"€23,00",
Banaan Eastpak Doggy Bag,"€23,00",
Banaan Puma Evo Essentiel Waist,"€23,00",
Backpack - Trekkingrugzak voor heren MT900 SYMBIUM 90+10 l,"€23,00",
Toilettas Kempa,"€23,00",
Vite III wandelheupriem voor volwassenen - Zwart,"€23,00",
Tunturi Hardloopheuptas - Hardloopriem -  met LED verlichting Rood,"€23,00",
"New Era MLB New York Yankees Waist Bag, Unisex, waist bag, zwart","€23,00",
Tech Style Fashion Tas,"€23,00",
Trekkingrugzak voor heren MT900 SYMBIUM 50+10 l,"€23,00",
Heuptasje voor de jacht 7 liter X-Access groen,"€23,00",
Fanny pack Eastpak Bumbag Double Casual,"€23,00",
Fanny pack Eastpak Doggy,"€23,00",
Fanny pack voor documenten Jack Wolfskin belt,"€23,00",
Regatta Blackfell III Hip Rugzak Unisex Blauw,"€23,00",
Tas Eastpak Jr,"€23,00",
Fanny pack Jack Wolfskin swift,"€23,00",
Regatta BlackfellIIIBottl Rugzak Unisex Blauw,"€23,00",
Fanny pack Jack Wolfskin hokus pokus,"€23,00",
Fanny pack Jack Wolfskin hokus pokus,"€23,00",
Trekkingrugzak voor dames MT500 AIR 55+10 liter,"€23,00",
Fanny pack voor documenten Jack Wolfskin belt,"€23,00",
Geluidloze rugzak voor de jacht 35 l groen,"€23,00",
Rugzak voor de jacht Big Game 70 +10 l 2.0 Furtiv,"€23,00",
Rugzak Camping Wanderer backpack 45 liter - Grijs,"€23,00",
Klimrugzak Klimb 30 liter petrolblauw,"€23,00",
BA Heuptas Waist Bag - Zwart,"€23,00",
Hydration pack Hipster Wave Hydration Belt 1.5 liter - Zwart,"€23,00",
Fanny pack Jack Wolfskin upgrade,"€23,00",
Fanny pack Jack Wolfskin upgrade s,"€23,00",
Stamford uniseks wandelheuptas voor volwassenen - Donkerblauw,"€23,00",
Regatta Blackfell III Hip Rugzak Unisex Zwart,"€25,00",
Fanny pack Jack Wolfskin hokus pokus,"€25,00",
Stamford uniseks wandelheuptas voor volwassenen - Zwart,"€25,00",
Reistas voor trekking 100 l duffeltas 100 basic,"€25,00",
Rugzak voor de jacht 20 l Xtralight groen,"€25,00",
Geventileerde zandwerende rugzak Desert 900 30 liter beige,"€25,00",
Wandelrugzak 30 l NH Arpenaz 500,"€25,00",
Fysiologische kinderdrager kinderen van 9 maanden tot 15 kg MH100 marineblauw,"€25,00",
Rugzak voor sneeuwschoenwandelen TSL Dragonfly 15/30 liter zwart/blauw,"€25,00",
Rugzak voor de jacht 20 l camouflage zwart,"€25,00",
Vliegtuighoes TRAVEL voor rugzak van 40 tot 90 liter,"€25,00",
Set met 3 opbergtassen voor backpacken TRAVEL,"€25,00",
Toilettas voor backpacken TRAVEL,"€25,00",
Kabelcijferslot Travel TSA zwart,"€25,00",
Set van 2 opberghoezen voor trekking - halfrond - 2 x 7 l,"€25,00",
Heuptas voor backpacken TRAVEL RFID beige,"€25,00",
Opvouwbare en waterdichte rugzak Travel 20 l,"€25,00",
Basic regen- en transporthoes voor trekrugzak - 20/40 l,"€25,00",
Opblaasbaar reiskussen Travel - comfort,"€25,00",
Heuptasje Travel 2 l zwart,"€25,00",
Overlevingsdeken voor eenmalig gebruik,"€25,00",
Set van 2 opberghoezen voor trekking - halfrond - 2 x 15 l,"€25,00",
Opvouwbare rugzak Travel 10 l,"€25,00",
Toilettas trekking plooibaar - Ultra Light,"€25,00",
Ruime portefeuille/organizer voor backpacken Travel XL zwart,"€25,00",
Set van 2 opbergzakken voor trekking halfrond en waterdicht 2 x 7 l,"€25,00",
Basisregen- en transporthoes voor trekrugzak van 40/60 l,"€25,00",
Vergrendelbare spiraalkabel Travel,"€25,00",
Sleutelhangslot voor backpacken TRAVEL TSA zwart 2 stuks,"€25,00",
Borstriempje voor trek- en wandelrugzak,"€25,00",
Slaapmasker voor wandel- en trektochten Travel blauw,"€25,00",
Onopvallend nektasje voor backpacken TRAVEL RFID beige,"€25,00",
Heuptas Travel 7 l zwart,"€24,99",
Multifunctionele riemen 10 mm x2,"€24,99",
Compacte heuptas voor backpacken TRAVEL groen 2 liter,"€24,99",
Verstevigde regenhoes voor trekrugzak van 40/60 l,"€24,99",
Opvouwbare rugzak Travel 10 l,"€24,99",
HARD ETUI VOOR ELEKTRONISCHE ACCESSOIRES TRAVEL,"€24,99",
Schoudertas met veel zakken voor backpacken Travel zwart,"€24,99",
Compacte heuptas voor backpacken TRAVEL zwart 2 liter,"€24,99",
EHBO-set voor trekking 500 UL 47-delig,"€24,99",
2-in-1 tote bag 15 l Travel,"€24,99",
Portefeuille met organizer voor backpacken TRAVEL S zwart,"€24,99",
Compacte schoudertas voor backpacken TRAVEL 15 liter zwart,"€24,99",
Organizertasje X-Access S 10x14 cm groen,"€24,99",
Opberghoes voor trekking- en wandelschoenen.,"€24,99",
EHBO-set 900 waterdicht 80-delig,"€24,99",
Set van 2 universele opberghoezen - 2x10 l,"€24,99",
Organizertasje X-Access M 12x18 cm groen,"€24,99",
Verstevigde regenhoes voor trekrugzak van 70/100 l,"€24,99",
Digitale bagageweger LS TRAVEL tot 50 kg,"€24,99",
Opvouwbare en waterdichte rugzak Travel 25 l,"€24,99",
Basisregen- en transporthoes voor trekrugzak van 70/100 l,"€24,99",
Riem met geheim geldvakje Travel zwart,"€24,99",
snelgesp 38 mm voor riem van trekrugzak,"€24,99",
Herbruikbaar overlevingsdeken,"€24,99",
HEUPTAS TRAVEL 2L GRIJS BEIGE,"€24,99",
Bagagelabel TRAVEL,"€24,99",
Waterdichte compressiehoes voor trekking - 25 liter,"€24,99",
ATOP draaisluiting,"€24,99",
Waterdichte compressiezak voor trekkingrugzak 20 liter,"€24,99",
2 gespen 20 mm gespleten,"€24,99",
Snelbinder zwart,"€24,99",
TAS VOOR DE JACHT MET COMPARTIMENTEN MET RITSSLUITING X-ACCESS GROEN,"€24,99",
Kratklikker High Reflective - Zilver,"€18,39",
Compacte schoudertas voor backpacken TRAVEL 15 liter paars,"€18,39",
Bagageriemen - Zwart,"€18,39",
Permanent System II stuurpenhouder EC'' stuurpenhouder,"€18,39",
Klemwartel M9 Voor Magura Hydraulische Leiding (10 Stuks),"€18,39",
Vervangende heupgordel voor herenrugzak MT900 SYMBIUM,"€18,39",
Flesjes van 100 ml die goedgekeurd zijn als handbagage - set van 4,"€18,39",
2 gespen 15 mm pinlock,"€18,39",
Navulling voor EHBO-set trekking 24 stuks,"€18,39",
Heupgordel voor rugzak MT900 Symbium dames,"€18,39",
Schouderriemen voor rugzak MT900 50+10L heren,"€18,39",
Vervangende draagriemen voor herenrugzak MT900 70+10 of 90+10L,"€18,39",
Vervangende draagriemen voor damesrugzak MT900 50 +10 L,"€18,39",
Vervangende draagriemen voor damesrugzak TREK 500,"€18,39",
Schuimpad voor dames- of herenrugzak MT900 SYMBIUM,"€18,39",
Schouderriemen voor rugzak MT900 60+10L of 70+10L dames,"€18,39",
Snelbinder voor bagagedrager bruin,"€18,39",
Cijferhangslot voor backpacken TRAVEL TSA zwart,"€18,39",
Spangesp met gleuf voor rugzak of reistas 38 mm,"€18,39",
Reservegesp voor trekkingrugzak TRAVEL 500,"€18,39",
Riemhouder Abus,"€18,39",
Micrometrische gesp Atop,"€18,39",
Klemhendel hometrainer E Fold,"€18,39",
Set van 2 soepele reisflesjes voor trekking - 100ml,"€18,39",
Set van 2 klikgespen van - 20 mm voor rugzak,"€18,39",
Set van 2 opbergzakken voor trekking halfrond en waterdicht 2 x 15 l,"€18,39",
2 gespleten spangespen 25 mm,"€18,39",
Carryyygum bagagespinner oranje,"€18,39",
Carryyygum bagagespinner geel,"€18,39",
Carryyygum bagagespinner rood,"€18,39",
Carryyygum bagagespinner roze,"€18,39",
Carryyygum bagagespinner zwart,"€18,39",
Carryyygum bagagespinner groen,"€14,95",
Carryyygum bagagespinner blauw,"€14,95",
Cameratas voor backpacken TRAVEL grijs,"€14,95",
stuurhouder fietsmand elektrische fiets 95 mm,"€14,95",
stuurbevestiging QFix E95l 95 mm zwart,"€14,95",
Qt cycle tech qfix st15 stuurbevesting voor c.t.tas/mand 2007353,"€14,95",
Set van 2 klikgespen van 25 mm voor rugzak,"€14,95",
EHBO-set 100 41-delig,"€14,95",
Herbruikbare schuimstof oordopjes Go Travel set van 3 paar,"€14,95",
Spanriemen voor trekkingrugzak zwart 2 stuks,"€14,95",
