name,price
Pia Ries Rugtas Dames 6010 Tropical Leer - Multicolor,199.00
Ticaba Taylor - Rugzak voor School/Werk/Reizen - Rugtas voor Dames/Heren en Jongens/Meisjes - Backpack – Zwart,199.00
"Eastpak OUT OF OFFICE Rugzak, 27 Liter, 13.3 inch laptopvak - Black",199.00
"Anti Diefstal Waterdichte Rugzak Inclusief Usb Oplaadstation - Laptop tas 14 t/m  15,6 inch - voor dames en heren en jongens - schooltas - Zwart van Zedar",199.00
The North Face Connector Rugzak - 27 Liter - Zwart,199.00
"The North Face Groundwork Rugzak - 27,5 Liter - Zwart",199.00
Navy Madden Rugzak met USB poort 28L - Zwart - Luxe Laptop Rugtas 15.6 inch met Laptopvak - Heren - Dames - Jongens - Meisje - Waterafstotend - Rugzakken,199.00
Fjällräven Kånken Unisex Rugzak - Blue Ridge,199.00
TRVLMORE Rugzak - inch - Laptop Rugtas - Waterafstotend,199.00
"Glennoo rugzak - Rugtas dames - Waterdicht - Klein - Anti-theft Vakje - Rug-, Schouder-, Handtas in één - zacht PU-leer",199.00
"Navy Madden Rugzak met USB Oplaadpoort 17,3 inch Zwart Luxe Laptop Rugtas - Schooltas - Heren - Dames - Jongens - Meisjes - Waterafstotend - Rugzakken",199.00
The North Face Fall Line Rugzak 28L - Zwart,199.00
ONYX® Rolltop Rugzak 25 tot 40 L - Met Laptopvak - Verstelbare Rugtas - Reistas - Waterdicht en Duurzaam,199.00
"TRVLMORE Rugzak - 36 L - 17,3 inch - Laptop Rugtas - Waterafstotend - Antraciet",199.00
"TRVLMORE Rugzak - 36 L - 17,3 inch - Laptop Rugtas - Waterafstotend - Blauw",199.00
Matein Rugzak met USB Oplaadpoort 36L Zwart Luxe Laptop Rugtas 17.3 inch - Schooltas - Heren - Dames - Jongens - Meisjes - Waterafstotend - Rugzakken,199.00
SUITSUIT - Fabulous Fifties - Egg White - Rugzak,199.00
"Eastpak PADDED PAK'R Rugzak, 24 Liter - Black",199.00
"Eastpak BACK TO WORK Rugzak, 26 Liter, 15 inch laptopvak - Black",199.00
Little Dutch - Rugzak - Vintage Little Flowers,199.00
Kinderrugzak Flowers & Butterflies - Little Dutch,199.00
"Navy Madden Rugzak met USB poort 15,6 inch - Zwart - Luxe Laptop Rugtas met Laptopvak - Heren - Dames - Jongens - Meisje - Waterafstotend - Rugzakken",199.00
"Fjällräven Kånken Laptop 17"" Unisex Rugzak - Black",199.00
Milky Kiss Clever Girls Rugzak - Schooltas meisje - Multi - Hartjes,199.00
"Eastpak PROVIDER Rugzak, 33 Liter, 15 inch laptopvak - Black",199.00
"Eastpak BACK TO WORK Rugzak, 26 Liter, 15 inch laptopvak - Black Denim",199.00
"Eastpak TUTOR Rugzak, 39 Liter, 15 inch laptopvak - Sunday Grey",199.00
Schildpadden Peuterrugzak,199.00
Glennoo Anti-diefstal Rugzak Dames - Rugtas dames - PU leer - Bruin,199.00
"Eastpak OUT OF OFFICE Rugzak, 27 Liter, 13.3 inch laptopvak - Black Denim",199.00
Pia Ries Rugtas Dames 6010 Tropical Leer - Multicolor,199.00
"TRVLMORE Rugzak - 36 L - 17,3 inch - Laptop Rugtas - Waterafstotend - Antraciet",199.00
Sterrenhemel rugzak - galaxy rugzak - student rugzak - tiener - jongen meisje laptop rugzak - vrijetijdsreistas - paars,199.00
"Eastpak PADDED PAK'R Rugzak, 24 Liter - Black Denim",199.00
"ZILOU® Rugtas  - 20-35 Liter - 16"" Laptopvak - Groen",199.00
"Anti-diefstal rugzak - Rugtas dames - Waterdicht - Klein - Anti-theft backpack - Rug-, Schouder-, Handtas in één - Nylon - incl. verstelbare riem - Zwart - Glennoo",199.00
QY Eenhoorn Rugzak - Rugtas Meisje – Unicorn - Roze - Large (vanaf groep 3),199.00
Fana Bags Roll-up Rugtas Groen - Trendy Rugzak - Sportieve Werktas - Waterdicht - 22 L,199.00
"IGOODS Rugtas Laptop - Rugtas Jongens - reizen anti-diefstal zakelijke rugzak - Rugtas Meisjes - Tas met USB-oplaadpoort - 14 t/m 15,6 inch - Zwart",199.00
Milky Kiss All Time Favourite Rugzak - Bruin - Schooltas meisje - Panterprint,199.00
TRVLMORE Rugzak - inch - Laptop Rugtas - Waterafstotend,199.00
TRVLMORE Rugzak - inch - Laptop Rugtas - Waterafstotend,199.00
Fjällräven Kånken Unisex Rugzak - Frost Green,199.00
Ticaba Taylor - Rugzak voor School/Werk/Reizen - Rugtas voor Dames/Heren en Jongens/Meisjes - Backpack – Zwart,199.00
VIO Products - roltop rugzak - waterdicht - anti-diefstal - met USB - laptop - duurzaam - gemaakt van gerecyclede petflessen - fietsrugzak - 18 tot 26 liter - zwart,199.00
VMCA Rugzak Met Laptopvak - 17.3 inch Laptop Rugtas - 45L - Zwart,199.00
MIRI Laptoptas – 3-in-1 Rugtas / Schoudertas / Aktetas – Tot 15.6 inch – Zwart – Hoge kwaliteit – Anti-diefstal – Heren / Dames – USB poort – Verstelbaar,199.00
Anti Diefstal Waterdichte Rugzak Inclusief Usb Oplaadstation - 14 t/m 15.6 inch - Zwart,199.00
Milky Kiss Stay Cute Rugzak - Schooltas meisje - Multi - Panter,199.00
Akyol - gymtas unicorn - gymtas voor meisjes - unicorn - unicorn gymtas - stoere gymtas - zwemtas - school - tas - rugzak - gymtas - kinderrugzak - 35cm x 28cm - trekkoord rugtas,199.00
Laptoptas 2 in 1 Laptop Rugtas Schoudertas voor inch laptop,199.00
"Daniel Ray Highlands Rolltop Laptop Rugzak Waterproof - 15,6 inch - Donkergroen",199.00
Case Logic VNB217 - Laptop Rugzak - 17 Inch - Zwart,199.00
TRVLMORE Rugzak - inch - Laptop Rugtas - Waterafstotend,199.00
"Eastpak OUT OF OFFICE Rugzak, 27 Liter, 13.3 inch laptopvak - Triple Denim",199.00
VMCA Rugzak Meisje Rugtas Jongen - Rugzakken Dames - 1 Potlood tas - Rose,199.00
Schildpadden Peuterrugzak,199.00
"Eastpak PROVIDER Rugzak, 33 Liter, 15 inch laptopvak - Black",199.00
Milky Kiss Rise and Shine Rugzak - Schooltas meisje - Paars - Hartjes,199.00
Schooltas - Rugzak Meisje - Unicorn Tas - Eenhoorn - Roze Rugtas - Paarden - Meisjes Speelgoed - Rugtas Kind - Gymtas,199.00
Pia Ries kleurrijke kalfsleren rugzak 6010,199.00
Ticaba Taylor - Rugzak voor School/Werk/Reizen - Rugtas voor Dames/Heren en Jongens/Meisjes - Backpack – Zwart,199.00
Klein rugzakje met voorvak met rits zwart 7 liter - Rugtasjes,199.00
Fjällräven Kånken Unisex Rugzak,199.00
Gymtas - Waterafstotend - 11 liter - Zwart,199.00
Norlander Waterdichte Rugzak - Roltop Rugzak - Fietsrugzak,199.00
"Glennoo rugzak - Rugtas dames - Waterdicht - Klein - Anti-theft Vakje - Rug-, Schouder-, Handtas in één - zacht PU-leer",199.00
Matein Rugzak met USB Oplaadpoort 36L Grijs Luxe Laptop Rugtas 17.3 inch - Schooltas - Heren - Dames - Jongens - Meisjes - Waterafstotend - Rugzakken,199.00
"Anti-diefstal rugzak - Rugtas dames - Waterdicht - Klein - Anti-theft backpack - Rug-, Schouder-, Handtas in één - Nylon - incl. verstelbare riem - Beige - Glennoo",199.00
VMCA Rugzak - Inch Laptop Rugtas,199.00
SUITSUIT - Natura - Sand - Rugzak,199.00
New Mart Rugzak,199.00
Little Dutch Gymtas Flowers & Butterflies,199.00
"TRVLMORE Rugzak - 36 L - 17,3 inch - Laptop Rugtas - Waterafstotend - Antraciet",199.00
"TRVLMORE Rugzak - 36 L - 17,3 inch - Laptop Rugtas - Waterafstotend - Blauw",199.00
Minecraft - Mobs - Rugzak - Jongens - Hoogte 41cm - 5pieces,199.00
"TravelZ Hipster Rugtas 28 liter - Laptop rugzak 17"" - Veel compartimenten - Blauw",199.00
TeddyKids rugzak kids - schooltas - teddy - beige - 10 liter,199.00
Tigernu Business II laptop rugzak 17 inch - 30 liter - waterafstotend - inclusief regenhoes en cijferslot,199.00
"Navy Madden Rugzak met USB Oplaadpoort 17,3 inch Grijs Luxe Laptop Rugtas - Schooltas - Heren - Dames - Jongens - Meisjes - Waterafstotend - Rugzakken",199.00
Laptoptas 2 in 1 Laptop Rugtas Schoudertas voor inch laptop,199.00
TheNorthFace Rugtas / Rugzak / Laptoptas / Schooltas - Connector - 15 inch - 28 Liter - Grijs,199.00
Omnistow - Handbagage rugzak - 51x33x20cm - Cabin approved backpack - Zwart - 45L,199.00
Fjällräven Kånken Rugzak - Warm Yellow,199.00
Eastpak Rugzak Orbit - zwart,199.00
"Veran Rugtas - Rugzak - 30 Liter - 15,6"" Laptopvak - Boekentas - Vintage - Heren - Dames - Laptop - School - Boekentas - Roze",199.00
Eastpak Provider Rugzak 15 inch laptopvak - Black,199.00
"Kipling CITY PACK S Rugzak, 13 Liter - Black Peppery",199.00
VIO Products - roltop rugzak - waterdicht - anti-diefstal - met USB - laptop - duurzaam - gemaakt van gerecyclede petflessen - fietsrugzak - 18 tot 26 liter - zwart,199.00
Samsonite - Guardit 2.0 inch,199.00
Pia Ries Rugtas Dames 6010 Tropical Leer - Multicolor,199.00
Ticaba Taylor - Rugzak voor School/Werk/Reizen - Rugtas voor Dames/Heren en Jongens/Meisjes - Backpack – Zwart,199.00
Laptoptas 2 in 1 Laptop Rugtas Schoudertas voor inch laptop,199.00
LOL Surprise Rugzak Meisjes Eenhoorn - Hoogte 31cm,199.00
"Eastpak PROVIDER Rugzak, 33 Liter, 15 inch laptopvak - Black Denim",199.00
"Anti-diefstal rugzak - Rugtas dames - Waterdicht - Klein - Anti-theft backpack - Rug-, Schouder-, Handtas in één - zacht PU-leer - incl. verstelbare riem – Glennoo",199.00
Gymtas 12 liter - Zwart - Gratis Verzonden,199.00
The North Face Borealis Mini Rugzak Unisex,199.00
"Accezz Rugzak 18L - Laptoptas 15.6 inch - Schooltas met handige opbergvakken - Dames, Heren, Jongens, Meisjes - Zwart",199.00
Enrico Benetti Cordoba rugzak - rugzak middelbare school - rugzak jongens - rugzak heren - boekentas - 19 liter - zwart,199.00
"Glennoo rugzak - Rugtas dames - Waterdicht - Klein - Anti-theft Vakje - Rug-, Schouder-, Handtas in één - zacht PU-leer",199.00
Miss LuLu Rugzak - Dames Rugtas - Kwalitatieve Kunstleren Rug Tas - 15 Liter - Zwart (E1669 BK),199.00
Rains Rugzak,199.00
"TRVLMORE Rugzak - 36 L - 17,3 inch - Laptop Rugtas - Waterafstotend - Antraciet",199.00
"TRVLMORE Rugzak - 36 L - 17,3 inch - Laptop Rugtas - Waterafstotend - Blauw",199.00
Simple Lifestyle® Roblox Rugtas Kinderrugzak Schooltas Rugzak Laptoptas - Blauw - 18 liter - 3 ritsvakken,199.00
"Eastpak PADDED PAK'R Rugzak, 24 Liter - City Grain Navy",199.00
Ajax Rugtas Away Rood / Blauw Klein 22-23 - Kleine Rugzak ideaal om mee te nemen!,199.00
Accezz Rugzak 10L - Laptoptas 15.6 Inch - Veilige laptop rugzak met extra bescherming en 7 handige opbergvakken - Zwart,199.00
"AG Rugzak & laptoptas - ZWART- rugtas -Geschikt voor 15.6 inch laptop - 26L - laptopvak - laptoptassen Anti Diefstal waterafstotend - voor dames, heren, jongens en meisjes - Inclusief Usb Oplaadstation - Zwart",199.00
Fjällräven Kånken Unisex Rugzak - Black,199.00
"Eastpak BACK TO WORK Rugzak, 26 Liter, 15 inch laptopvak - Triple Denim",199.00
Skooter Rugzak - l - Blauw,199.00
Milky Kiss Just For Me Rugzak Meisje - Rugtas Kind - Geel - Hartjes,199.00
Marvel Rugzak Spidey Power Spider-man 28 X 22 Cm Blauw,199.00
Travel Tiger Laptop Rugzak – Laptop Rugtas - 15.6 Inch – 39 Liter - Waterbestendig – Inclusief USB-aansluiting – Zwart,199.00
"Eastpak PROVIDER Rugzak, 33 Liter, 15 inch laptopvak - Black",199.00
VIO Products - roltop rugzak - waterdicht - anti-diefstal - met USB - laptop - duurzaam - gemaakt van gerecyclede petflessen - fietsrugzak - 18 tot 26 liter - zwart,199.00
Zebra Trends Laptop Rugzak / Rugtas / Laptoptas / Werktas - Olivia - Roze - 13 inch,199.00
Kidzroom Mini Rugzak Meisje - Rugtas Kind - 2 t/m 6 jaar - Roze - Regenboog - Poes,199.00
